{
    "fold1": {
        "acc": 78.82592466915507,
        "top5_acc": 99.9660671869698,
        "uar": 79.44588225485111,
        "f1": 79.77197347094105
    },
    "fold2": {
        "acc": 78.18120122158126,
        "top5_acc": 99.830335934849,
        "uar": 78.96665894171039,
        "f1": 78.97128833462378
    },
    "fold3": {
        "acc": 77.70614183915848,
        "top5_acc": 99.93213437393959,
        "uar": 78.48762841046253,
        "f1": 78.81728604392507
    },
    "fold4": {
        "acc": 76.95961995249407,
        "top5_acc": 99.8982015609094,
        "uar": 77.5190425751702,
        "f1": 77.72587263791087
    },
    "fold5": {
        "acc": 76.07736681370886,
        "top5_acc": 99.660671869698,
        "uar": 76.49328509832438,
        "f1": 76.31429933176747
    },
    "average": {
        "f1": 78.32014396383364,
        "acc": 77.55005089921954,
        "top5_acc": 99.85748218527314
    }
}