{
    "fold1": {
        "acc": 69.10935738444194,
        "top5_acc": 100.0,
        "uar": 54.57436643694572,
        "f1": 56.53535165258771
    },
    "fold2": {
        "acc": 68.71476888387824,
        "top5_acc": 100.0,
        "uar": 55.81097901393884,
        "f1": 56.785916948780034
    },
    "fold3": {
        "acc": 68.20744081172492,
        "top5_acc": 100.0,
        "uar": 53.91165810933253,
        "f1": 55.30739101021713
    },
    "fold4": {
        "acc": 64.9379932356257,
        "top5_acc": 100.0,
        "uar": 55.47427994838144,
        "f1": 54.79932053064175
    },
    "fold5": {
        "acc": 68.71476888387824,
        "top5_acc": 100.0,
        "uar": 54.12833141136524,
        "f1": 56.014700344449594
    },
    "average": {
        "uar": 54.779922983992755,
        "acc": 67.93686583990981,
        "top5_acc": 100.0
    }
}