{
    "fold1": {
        "acc": 81.60841533763148,
        "top5_acc": 99.7964031218188,
        "uar": 81.99679896953754,
        "f1": 82.2782046485811
    },
    "fold2": {
        "acc": 81.64234815066169,
        "top5_acc": 99.45707499151679,
        "uar": 82.34274654540253,
        "f1": 82.26722158035905
    },
    "fold3": {
        "acc": 76.34882931795046,
        "top5_acc": 99.7964031218188,
        "uar": 76.85170420728497,
        "f1": 77.07744909345907
    },
    "fold4": {
        "acc": 78.14726840855107,
        "top5_acc": 99.5928062436376,
        "uar": 78.99146515885245,
        "f1": 79.55231185440869
    },
    "fold5": {
        "acc": 83.2032575500509,
        "top5_acc": 99.9660671869698,
        "uar": 83.8479634075371,
        "f1": 84.0232513377503
    },
    "average": {
        "f1": 81.03968770291164,
        "acc": 80.19002375296911,
        "top5_acc": 99.72175093315235
    }
}