{
    "fold1": {
        "acc": 76.07736681370886,
        "top5_acc": 99.1856124872752,
        "uar": 76.81368674856414,
        "f1": 76.98797900710571
    },
    "fold2": {
        "acc": 77.06141839158465,
        "top5_acc": 99.4231421784866,
        "uar": 77.56516185046834,
        "f1": 77.66558596007323
    },
    "fold3": {
        "acc": 76.38276213098067,
        "top5_acc": 99.86426874787921,
        "uar": 76.97657293092625,
        "f1": 77.24409871955142
    },
    "fold4": {
        "acc": 76.14523243976926,
        "top5_acc": 99.9660671869698,
        "uar": 76.6959027763476,
        "f1": 76.65929862138508
    },
    "fold5": {
        "acc": 78.55446216491347,
        "top5_acc": 99.1177468612148,
        "uar": 79.19078315218346,
        "f1": 79.55678423779227
    },
    "average": {
        "f1": 77.62274930918154,
        "acc": 76.84424838819139,
        "top5_acc": 99.51136749236512
    }
}