{
    "fold1": {
        "acc": 66.5761791652528,
        "top5_acc": 99.1177468612148,
        "uar": 67.02783384950946,
        "f1": 66.65624159223911
    },
    "fold2": {
        "acc": 77.12928401764506,
        "top5_acc": 99.321343739396,
        "uar": 78.00014449517198,
        "f1": 78.02641491186797
    },
    "fold3": {
        "acc": 72.88768238887003,
        "top5_acc": 99.3552765524262,
        "uar": 73.69524717220952,
        "f1": 74.56355086222685
    },
    "fold4": {
        "acc": 79.77604343400067,
        "top5_acc": 99.7285374957584,
        "uar": 80.36319465462007,
        "f1": 80.5131169787917
    },
    "fold5": {
        "acc": 77.40074652188666,
        "top5_acc": 99.6267390566678,
        "uar": 78.0921962782888,
        "f1": 78.3156358685262
    },
    "average": {
        "f1": 75.61499204273036,
        "acc": 74.75398710553104,
        "top5_acc": 99.42992874109265
    }
}