{
    "fold1": {
        "acc": 68.37655016910936,
        "top5_acc": 100.0,
        "uar": 55.26006058775616,
        "f1": 55.99920203969593
    }
}