{
    "fold1": {
        "acc": 60.0,
        "top5_acc": 100.0,
        "uar": 58.35554152873708,
        "f1": 58.12397590154645
    },
    "fold2": {
        "acc": 63.17460317460317,
        "top5_acc": 100.0,
        "uar": 60.21976780191329,
        "f1": 61.017526861029815
    },
    "fold3": {
        "acc": 55.376344086021504,
        "top5_acc": 100.0,
        "uar": 61.21903586236912,
        "f1": 54.941945399249725
    },
    "fold4": {
        "acc": 57.79427359490986,
        "top5_acc": 100.0,
        "uar": 62.25004788947056,
        "f1": 57.34959446790643
    },
    "fold5": {
        "acc": 56.75392670157068,
        "top5_acc": 100.0,
        "uar": 62.515242309607984,
        "f1": 57.59628850544922
    },
    "average": {
        "uar": 60.9119270784196,
        "acc": 58.61982951142104,
        "top5_acc": 100.0
    }
}