{
    "fold1": {
        "acc": 67.21951219512195,
        "top5_acc": 100.0,
        "uar": 64.35451046143974,
        "f1": 64.6689654066991
    },
    "fold2": {
        "acc": 68.04232804232804,
        "top5_acc": 100.0,
        "uar": 64.42656056731141,
        "f1": 64.88804819140046
    },
    "fold3": {
        "acc": 64.6236559139785,
        "top5_acc": 100.0,
        "uar": 65.48197559419899,
        "f1": 61.427720560403166
    },
    "fold4": {
        "acc": 67.65641569459173,
        "top5_acc": 100.0,
        "uar": 70.219189470797,
        "f1": 66.61109970674293
    },
    "fold5": {
        "acc": 72.98429319371728,
        "top5_acc": 100.0,
        "uar": 67.57696096571927,
        "f1": 67.4954922804293
    },
    "average": {
        "uar": 66.41183941189328,
        "acc": 68.1052410079475,
        "top5_acc": 100.0
    }
}