{
    "fold1": {
        "acc": 82.8639294197489,
        "top5_acc": 99.7285374957584,
        "uar": 83.57338450481208,
        "f1": 83.94767911101097
    },
    "fold2": {
        "acc": 85.17136070580251,
        "top5_acc": 99.25347811333559,
        "uar": 85.73264597219764,
        "f1": 85.91819203747147
    },
    "fold3": {
        "acc": 80.79402782490669,
        "top5_acc": 99.6946046827282,
        "uar": 81.4675063736177,
        "f1": 81.88447001424989
    },
    "fold4": {
        "acc": 83.10145911096029,
        "top5_acc": 99.6267390566678,
        "uar": 83.41919723504964,
        "f1": 83.45186950230004
    },
    "fold5": {
        "acc": 83.7461825585341,
        "top5_acc": 99.86426874787921,
        "uar": 83.98563826232048,
        "f1": 84.05345937595965
    },
    "average": {
        "f1": 83.85113400819839,
        "acc": 83.1353919239905,
        "top5_acc": 99.63352561927384
    }
}